,LHS,LHS_size,RHS,RHS_size,conf,sup,lift,cov
0,"('size == ""3""',)",1,"('isEmpty == ""False""',)",1,1.0,0.23404255319148937,1.0217391304347827,21276595.74468088
1,"('size == ""1""',)",1,"('isEmpty == ""False""',)",1,1.0,0.2553191489361702,1.0217391304347825,21276595.74468088
2,"('size == ""2""',)",1,"('isEmpty == ""False""',)",1,1.0,0.2127659574468085,1.0217391304347827,21276595.74468088
