,LHS,LHS_size,RHS,RHS_size,conf,sup,lift,cov
0,"('size == ""2""',)",1,"('isEmpty == ""False""',)",1,1.0,0.23684210526315788,1.027027027027027,26315789.47368418
1,"('size == ""1""',)",1,"('isEmpty == ""False""',)",1,1.0,0.27631578947368424,1.027027027027027,26315789.47368418
2,"('calledMethod == ""push""',)",1,"('isEmpty == ""False""',)",1,1.0,0.6052631578947368,1.027027027027027,26315789.47368418
3,"('size == ""3""',)",1,"('isEmpty == ""False""',)",1,1.0,0.2236842105263158,1.027027027027027,26315789.47368418
